id,modularity_class
2,2
1,2
3,0
4,3
5,2
6,2
7,3
9,3
10,3
11,0
13,3
14,2
15,0
16,0
17,3
18,0
19,2
20,0
21,3
22,1
8,1
23,0
24,2
25,1
26,0
27,0
28,0
29,2
30,2
32,1
33,0
34,0
35,3
36,2
37,0
38,2
40,2
42,1
43,0
44,2
45,2
12,1
46,0
47,2
48,1
49,0
50,0
51,1
31,1
52,0
53,2
54,0
41,1
55,2
56,3
57,3
58,2
59,1
60,1
61,2
62,2
63,2
64,2
65,2
66,0
67,2
68,3
69,2
70,2
71,0
72,2
73,2
74,3
75,0
76,1
77,3
78,0
79,2
80,0
81,1
82,0
83,2
84,3
85,0
86,0
87,2
88,2
89,3
90,1
91,0
92,0
93,2
94,0
95,0
96,1
97,3
98,2
99,2
100,1
101,3
102,1
103,0
104,0
105,0
106,0
107,2
108,2
109,0
110,1
111,0
112,0
113,2
114,3
115,2
116,0
117,1
118,1
119,1
120,0
121,2
122,2
123,0
124,2
125,0
126,3
127,2
128,2
129,1
130,2
131,0
132,1
133,2
134,2
135,0
136,3
137,1
138,3
139,2
140,0
141,1
142,2
143,0
144,0
145,2
146,0
147,0
148,0
149,3
150,2
151,2
152,0
153,2
154,2
155,3
156,1
157,1
158,3
159,2
160,2
161,2
162,1
163,0
164,2
165,1
166,2
167,1
168,2
169,2
170,3
171,2
172,1
173,2
174,0
175,1
176,0
177,2
178,2
179,2
180,0
181,1
39,1
182,2
183,1
184,0
185,0
186,1
187,2
188,0
189,2
190,0
191,0
193,0
195,0
196,3
197,0
198,2
199,0
200,0
201,2
202,0
203,1
204,0
205,0
206,0
207,2
208,0
209,3
210,2
211,2
212,2
214,2
216,1
217,3
218,2
219,1
220,0
222,2
223,2
224,0
225,1
226,0
227,0
228,2
229,3
230,2
231,2
232,0
233,2
234,3
235,2
236,2
237,1
238,0
239,0
240,0
241,2
243,2
244,2
245,2
246,2
247,2
248,2
249,0
250,1
251,2
252,1
253,0
254,1
255,2
256,0
257,0
258,1
259,0
260,0
261,0
262,2
263,3
264,1
265,2
266,2
267,4
192,4
268,2
269,0
270,0
271,0
272,0
273,0
274,0
275,2
276,0
277,0
278,0
279,0
280,2
281,2
282,1
283,1
284,2
285,2
286,2
287,0
288,2
289,0
290,2
291,2
292,2
293,0
294,1
295,0
296,2
297,2
298,0
299,1
300,3
301,0
302,2
303,2
304,3
305,0
306,1
307,2
308,3
309,0
310,1
311,0
312,2
313,2
314,1
315,2
316,3
317,2
318,1
319,2
320,2
321,3
322,0
323,2
324,2
325,2
326,2
327,2
328,2
330,1
331,0
332,0
333,2
334,3
335,1
336,3
337,1
338,2
339,2
340,3
342,1
343,2
344,1
345,0
346,0
347,2
348,0
349,2
350,2
351,2
352,2
353,2
354,2
355,0
356,1
357,0
358,3
359,2
360,0
362,2
364,2
365,1
366,2
367,2
368,2
369,1
370,2
371,2
372,1
373,0
374,2
375,1
376,2
377,3
378,2
379,0
380,1
381,0
382,2
383,1
384,0
385,2
386,0
388,2
389,0
390,2
391,3
392,3
393,2
394,1
395,3
396,0
397,1
398,1
399,0
400,2
401,2
402,2
403,1
404,1
405,2
406,0
407,2
408,1
409,0
410,0
411,2
412,0
413,1
414,2
415,0
416,2
417,0
418,0
419,2
420,0
422,2
423,1
424,3
425,3
426,0
427,2
428,2
429,2
430,0
431,0
432,2
433,3
434,1
435,0
436,0
437,4
438,2
439,0
440,2
441,2
442,0
443,1
444,2
445,1
446,1
447,2
448,1
449,1
450,2
451,1
452,3
453,2
454,1
455,0
456,0
457,0
458,2
459,2
460,2
461,3
462,2
463,0
464,1
465,0
466,2
467,2
468,2
469,0
470,1
471,3
472,0
473,1
474,2
475,2
476,1
477,1
478,2
479,2
480,0
481,0
482,1
483,0
484,0
485,0
486,2
487,3
488,2
489,0
490,1
491,1
492,2
493,2
494,1
495,2
496,2
497,0
498,2
499,2
500,0
501,2
502,3
503,1
504,2
505,0
506,2
507,3
508,2
509,1
510,2
511,0
512,0
513,2
514,2
515,3
516,2
517,2
518,2
519,2
520,2
521,2
522,1
523,3
524,2
525,1
526,2
527,2
528,2
529,2
530,3
531,3
532,2
533,0
534,2
535,2
536,1
537,3
538,2
539,3
540,3
541,3
542,3
543,0
544,1
545,0
546,2
547,2
548,2
549,2
550,2
551,0
552,0
553,3
554,0
555,2
556,2
557,2
558,2
559,2
560,2
561,2
562,0
563,2
564,2
565,2
566,2
567,0
568,1
242,1
569,2
570,2
571,0
572,1
573,3
574,2
575,2
576,2
577,0
578,0
579,2
580,0
581,0
582,0
583,2
584,3
585,1
586,1
587,0
588,1
589,2
590,2
591,2
592,1
593,1
594,0
595,2
596,1
597,2
598,2
599,2
600,2
601,2
602,1
603,0
604,0
605,1
606,1
607,0
608,3
609,0
610,2
611,1
612,2
613,2
614,0
615,2
616,2
617,2
618,0
619,3
620,0
621,2
622,1
623,2
624,2
625,0
626,3
627,3
628,2
629,2
630,2
631,0
632,0
633,0
634,2
635,2
636,2
637,2
638,2
639,0
640,2
641,0
642,2
643,2
644,2
645,2
646,2
647,2
648,0
649,2
650,0
651,2
652,0
653,2
654,2
655,2
656,2
657,3
658,1
659,0
660,2
661,0
662,2
663,0
664,1
665,2
666,2
667,2
668,2
669,1
670,3
671,1
213,1
672,0
673,0
674,2
675,3
676,2
677,1
678,0
679,2
680,2
681,0
682,0
683,3
684,0
685,1
686,0
687,2
688,0
689,2
690,0
691,3
692,1
693,3
694,0
695,3
696,2
697,2
698,0
699,2
700,2
701,2
702,0
703,0
704,0
705,2
706,0
707,2
708,3
709,2
710,2
711,2
712,2
713,2
714,1
715,2
716,1
717,2
718,2
719,2
720,3
721,0
722,2
723,0
724,2
725,2
726,2
727,2
728,1
729,1
730,3
731,2
732,3
733,1
734,2
735,2
736,0
737,2
738,3
739,0
740,2
741,1
742,2
743,0
744,2
745,1
746,3
747,2
748,2
749,1
750,0
751,1
752,0
753,2
754,2
755,3
756,1
757,1
758,0
759,2
760,0
761,2
762,2
763,2
764,3
765,3
766,2
767,3
768,3
769,2
770,3
771,3
772,0
773,0
774,0
775,0
776,2
777,2
778,1
779,0
780,1
781,1
782,0
783,0
784,2
785,3
786,2
787,0
788,0
789,2
790,2
791,0
792,2
793,3
794,0
795,4
796,2
797,0
798,2
799,0
800,1
801,2
802,2
803,0
804,1
805,0
806,3
807,0
808,2
809,2
810,2
811,0
812,1
813,0
814,2
815,2
816,3
817,3
818,3
819,2
820,2
821,2
822,3
823,1
824,2
825,2
826,1
827,1
828,0
829,0
830,0
831,1
832,1
833,2
361,2
834,2
835,3
836,2
837,1
838,0
839,1
840,1
841,0
842,1
843,0
844,2
845,0
846,3
847,2
848,1
849,3
850,0
851,1
852,2
853,2
854,2
855,2
856,0
857,3
858,1
859,0
860,0
861,0
862,0
863,0
864,0
865,0
866,2
867,3
868,1
869,0
870,3
871,0
872,0
873,1
874,0
875,0
876,2
877,1
878,1
879,0
880,2
881,3
882,0
883,1
884,0
885,2
886,2
887,1
888,0
889,0
890,1
891,0
892,1
893,0
894,0
895,0
896,1
897,0
898,3
899,1
900,2
901,1
902,3
903,0
904,0
905,0
906,0
907,3
908,1
909,2
910,2
911,2
912,2
913,0
914,0
915,3
916,0
917,2
918,0
919,1
920,2
921,0
922,1
923,1
924,2
925,1
926,1
927,0
928,2
929,2
930,1
931,0
932,1
933,1
934,3
935,2
936,3
937,0
938,3
939,0
940,0
941,0
942,2
943,2
944,1
945,3
946,2
947,2
948,2
949,2
950,2
951,2
952,2
953,2
954,3
955,3
956,2
957,2
958,0
959,3
960,3
961,3
962,3
963,3
964,3
965,3
966,3
967,1
968,3
969,2
970,2
971,2
972,3
973,2
974,3
975,3
976,3
977,2
978,2
979,2
980,3
981,3
982,2
983,2
984,2
985,2
986,3
987,3
988,3
989,3
990,3
991,3
992,2
993,3
994,2
995,2
996,3
997,3
998,3
999,3
1000,2
1001,0
1002,3
1003,3
1004,1
1005,3
1006,2
1007,1
1008,2
1009,2
1010,3
1011,2
1012,3
1013,3
1014,3
1015,3
1016,3
1017,3
1018,3
1019,3
1020,3
1021,0
1022,2
1023,2
1024,0
1025,3
1026,3
1027,0
1028,3
1029,3
1030,3
1031,2
1032,3
1033,2
1034,3
1035,3
1036,3
1037,2
1038,3
1039,3
1040,3
1041,2
1042,3
1043,3
1044,3
1045,3
1046,3
1047,3
1048,3
1049,2
1050,3
1051,3
1052,3
1053,3
1054,3
1055,3
1056,0
1057,3
1058,2
1059,3
1060,2
1061,3
1062,3
